"","Generation","Crosses","Treatment","Exposure","Sample","Sex","Sugar.Weight","Glucose","Trehalose","Glycogen","Fat.Weight","TAG","Fitness"
"1","F1","MnPc","NSD","Maternal",1,"male",2.66,4.3,11.69,15.86,2.51,35.45234096,NA
"2","F1","MnPc","NSD","Maternal",2,"male",2.52,2.93,10,25.8,2.15,21.90806065,NA
"3","F1","MnPc","NSD","Maternal",3,"male",2.56,7.21,12.15,18.4,2.74,29.41933792,NA
"4","F1","MnPc","NSD","Maternal",4,"male",2.54,5.99,15.88,14.83,2.49,33.56680665,NA
"5","F1","MnPc","NSD","Maternal",5,"male",2.41,5.29,8.86,12.43,2.63,28.55864748,NA
"6","F1","MnPc","NSD","Maternal",6,"male",2.38,5.61,10.03,8.66,2.62,27.35098514,NA
"7","F1","MnPc","NSD","Maternal",7,"male",2.5,6.35,12.18,15.85,2.62,35.415473,NA
"8","F1","MnPc","NSD","Maternal",8,"male",2.72,7.98,11.64,12.19,2.59,35.84653463,NA
"9","F1","MnPc","NSD","Maternal",9,"male",2.47,7.05,20.61,9.18,2.59,31.3280462,NA
"10","F1","MnPc","NSD","Maternal",10,"male",2.64,4.58,8.1,3.64,2.51,24.75186455,NA
"11","F1","MnPc","NSD","Maternal",11,"male",2.67,6.37,25.54,19.93,2.7,61.0910474,NA
"12","F1","MnPc","NSD","Maternal",12,"male",2.71,6.01,21,21.01,2.39,43.43759195,NA
"13","F1","MnPc","NSD","Maternal",13,"male",2.61,5.79,8.53,4.43,2.41,60.40033725,NA
"14","F1","MnPc","NSD","Maternal",14,"male",2.57,4.93,14.79,3.06,2.44,72.41051712,NA
"15","F1","MnPc","NSD","Maternal",15,"male",2.69,5.95,15.35,2.67,2.76,42.12108884,NA
"16","F1","MnPc","NSD","Maternal",16,"male",2.43,6.55,13.19,5.78,2.56,47.54446026,NA
"17","F1","MnPc","NSD","Maternal",17,"male",2.65,7.68,18.2,15.31,2.36,26.56485349,NA
"18","F1","MnPc","NSD","Maternal",18,"male",2.51,7.31,18.68,3,2.58,56.14432376,NA
"19","F1","MnPc","NSD","Maternal",19,"male",2.43,6.06,16.55,3.12,2.65,78.74848599,NA
"20","F1","MnPc","NSD","Maternal",20,"male",2.56,14.59,24.99,15.65,2.57,28.50596682,NA
"21","F1","MnPc","NSD","Maternal",21,"male",2.5,4.36,16.35,4.92,2.72,37.17977603,NA
"22","F1","MnPc","NSD","Maternal",22,"male",2.65,5.54,19.39,3.95,2.7,57.86026458,NA
"23","F1","MnPc","NSD","Maternal",23,"male",2.46,5.48,26.14,9.65,2.51,38.30204767,NA
"24","F1","MnPc","NSD","Maternal",24,"male",2.65,4.13,34.19,15.36,2.51,35.9481392,NA
"25","F1","McPn","NSD","Paternal",1,"male",2.56,5.56,12.72,20.14,2.68,76.95170207,NA
"26","F1","McPn","NSD","Paternal",2,"male",2.69,4.06,13.15,22.94,2.73,43.86072325,NA
"27","F1","McPn","NSD","Paternal",3,"male",2.43,6.51,18.13,17.25,2.62,75.904107,NA
"28","F1","McPn","NSD","Paternal",4,"male",2.53,5.95,8.68,12.29,2.54,53.68483186,NA
"29","F1","McPn","NSD","Paternal",5,"male",2.58,6.58,12.88,21.17,2.56,47.5642456,NA
"30","F1","McPn","NSD","Paternal",6,"male",2.65,6.76,11.78,21.93,2.62,106.6189814,NA
"31","F1","McPn","NSD","Paternal",7,"male",2.53,4.69,14.01,19.19,2.61,55.63945339,NA
"32","F1","McPn","NSD","Paternal",8,"male",2.61,3.35,6.62,14.98,2.82,50.80567815,NA
"33","F1","McPn","NSD","Paternal",9,"male",2.67,4.85,11.88,16.49,2.6,61.9706665,NA
"34","F1","McPn","NSD","Paternal",10,"male",2.66,5.19,10.67,16.53,2.56,69.06867495,NA
"35","F1","McPn","NSD","Paternal",11,"male",2.62,6.11,12.82,12.3,2.66,50.50634411,NA
"36","F1","McPn","NSD","Paternal",12,"male",2.52,4.2,11.29,12.47,2.54,53.59774911,NA
"37","F1","McPn","NSD","Paternal",13,"male",2.41,8.28,8.82,2.07,2.65,14.20341785,NA
"38","F1","McPn","NSD","Paternal",14,"male",2.63,7.1,14.9,21.97,2.57,81.89048212,NA
"39","F1","McPn","NSD","Paternal",15,"male",2.52,7.2,15.66,9.44,2.68,63.68952935,NA
"40","F1","McPn","NSD","Paternal",16,"male",2.64,10.15,9.35,18.47,2.77,51.45371162,NA
"41","F1","McPn","NSD","Paternal",17,"male",2.45,8.48,23.14,9.63,2.68,61.96812972,NA
"42","F1","McPn","NSD","Paternal",18,"male",2.53,8.44,11.97,10.93,2.56,67.67170905,NA
"43","F1","McPn","NSD","Paternal",19,"male",2.47,7.81,22.75,11.82,2.71,53.49838778,NA
"44","F1","McPn","NSD","Paternal",20,"male",2.6,5.63,31.34,16.91,2.7,103.8717434,NA
"45","F1","McPn","NSD","Paternal",21,"male",2.53,7.67,23.69,19.6,2.39,88.1491216,NA
"46","F1","McPn","NSD","Paternal",22,"male",2.5,6.18,26.14,11.6,2.35,54.69731637,NA
"47","F1","McPn","NSD","Paternal",23,"male",2.59,8.95,17.77,21.01,2.6,58.6910871,NA
"48","F1","McPn","NSD","Paternal",24,"male",2.65,12.39,23.17,20.09,2.67,28.79148345,NA
"49","F1","McPn","NSD","Paternal",25,"male",NA,NA,NA,NA,NA,NA,NA
"50","F1","MnPn","NSD","Both",1,"male",2.42,4.09,9.4,13.22,2.62,15.9856782,NA
"51","F1","MnPn","NSD","Both",2,"male",2.66,2.9,8.6,12.6,2.61,22.01131122,NA
"52","F1","MnPn","NSD","Both",3,"male",2.59,4.16,11.24,9.69,2.72,22.05722494,NA
"53","F1","MnPn","NSD","Both",4,"male",2.52,2.95,4.52,6.27,2.77,35.19334334,NA
"54","F1","MnPn","NSD","Both",5,"male",2.62,8.43,12.89,18.29,2.4,13.87162233,NA
"55","F1","MnPn","NSD","Both",6,"male",2.44,4.26,9.36,5.57,2.42,18.7787262,NA
"56","F1","MnPn","NSD","Both",7,"male",2.69,4.08,8.5,4.4,2.41,13.24822729,NA
"57","F1","MnPn","NSD","Both",8,"male",2.73,6.4,11.31,4.65,2.51,13.18693133,NA
"58","F1","MnPn","NSD","Both",9,"male",2.66,5.88,11.96,12.94,2.72,21.59204853,NA
"59","F1","MnPn","NSD","Both",10,"male",2.61,6.42,13.41,10.17,2.4,12.05476974,NA
"60","F1","MnPn","NSD","Both",11,"male",2.55,7.65,31.3,14.29,2.52,24.60002199,NA
"61","F1","MnPn","NSD","Both",12,"male",2.7,9.64,5.83,5.11,2.54,23.86484369,NA
"62","F1","MnPn","NSD","Both",13,"male",2.27,3.74,13.35,0.1,2.74,19.01547119,NA
"63","F1","MnPn","NSD","Both",14,"male",2.81,4.11,14.62,2.79,2.76,20.51893125,NA
"64","F1","MnPn","NSD","Both",15,"male",2.69,5.81,11.18,11.5,2.33,32.77407802,NA
"65","F1","MnPn","NSD","Both",16,"male",2.59,3.87,18.48,4.9,2.58,30.04533934,NA
"66","F1","MnPn","NSD","Both",17,"male",2.31,6.29,10.23,1.28,2.58,18.21713066,NA
"67","F1","MnPn","NSD","Both",18,"male",2.5,6.18,11.75,3.27,2.78,32.7886845,NA
"68","F1","MnPn","NSD","Both",19,"male",2.68,7.53,15.62,0,2.53,33.2336974,NA
"69","F1","MnPn","NSD","Both",20,"male",2.63,4.85,18.89,4.72,2.41,15.36065378,NA
"70","F1","MnPn","NSD","Both",21,"male",2.78,4.72,13.75,3.11,2.67,25.50366917,NA
"71","F1","MnPn","NSD","Both",22,"male",2.93,2.46,18.24,1.84,2.52,15.82856071,NA
"72","F1","MnPn","NSD","Both",23,"male",2.52,7.7,15.35,7.45,2.66,4.309031404,NA
"73","F1","MnPn","NSD","Both",24,"male",2.85,4.64,22.46,0,2.65,21.09992288,NA
"74","F1","MnPn","NSD","Both",25,"male",NA,NA,NA,NA,NA,NA,NA
"75","F1","McPc","CD","Both",1,"male",2.59,4.48,8.11,17.14,2.7,21.86370499,NA
"76","F1","McPc","CD","Both",2,"male",2.67,6.82,15.54,18.81,2.6,24.77467519,NA
"77","F1","McPc","CD","Both",3,"male",2.5,5.75,10.43,17.91,2.7,35.18690155,NA
"78","F1","McPc","CD","Both",4,"male",2.48,5.35,10.4,8.54,2.37,17.31930872,NA
"79","F1","McPc","CD","Both",5,"male",2.85,4.89,9.78,12.3,2.64,36.66291683,NA
"80","F1","McPc","CD","Both",6,"male",2.4,5.75,15.69,17.51,2.33,29.73524619,NA
"81","F1","McPc","CD","Both",7,"male",2.74,6.08,10.68,13.57,2.7,43.79887614,NA
"82","F1","McPc","CD","Both",8,"male",2.66,11.61,3.46,7.92,2.57,24.80837704,NA
"83","F1","McPc","CD","Both",9,"male",2.69,5.33,12.06,12.92,2.53,26.03972552,NA
"84","F1","McPc","CD","Both",10,"male",2.61,4.45,8.9,8.39,2.93,36.4787233,NA
"85","F1","McPc","CD","Both",11,"male",2.59,4.6,10.36,7.95,2.55,37.99138298,NA
"86","F1","McPc","CD","Both",12,"male",2.65,6.63,11.64,18.67,2.78,30.90161128,NA
"87","F1","McPc","CD","Both",13,"male",2.6,9.74,19.18,11.5,2.47,28.87718218,NA
"88","F1","McPc","CD","Both",14,"male",2.56,6.95,30.19,19.79,2.5,17.07486001,NA
"89","F1","McPc","CD","Both",15,"male",2.52,7.32,27.83,4.51,2.85,15.0810123,NA
"90","F1","McPc","CD","Both",16,"male",2.51,5.87,25.03,8.25,2.49,22.42575088,NA
"91","F1","McPc","CD","Both",17,"male",2.58,6.97,13.02,2.61,2.64,38.67144588,NA
"92","F1","McPc","CD","Both",18,"male",2.59,8.34,12.92,0.77,2.68,15.7573175,NA
"93","F1","McPc","CD","Both",19,"male",2.59,7.21,31.02,10.19,2.42,32.1448235,NA
"94","F1","McPc","CD","Both",20,"male",2.55,8.74,19.77,13.55,2.59,34.71732487,NA
"95","F1","McPc","CD","Both",21,"male",2.71,4.93,19.39,9.76,2.67,36.4453857,NA
"96","F1","McPc","CD","Both",22,"male",2.69,5.93,20.1,0,2.6,25.78202954,NA
"97","F1","McPc","CD","Both",23,"male",2.65,3.05,7.8,8.42,2.65,26.94973211,NA
"98","F1","McPc","CD","Both",24,"male",2.69,5.95,24.2,28.9,2.34,26.51377494,NA
"99","F1","McPc","CD","Both",25,"male",NA,NA,NA,NA,NA,NA,NA
"100","F1","MnPc","NSD","Maternal",1,"female",3.87,11.11,9.25,25.55,3.63,14.63299318,341
"101","F1","MnPc","NSD","Maternal",2,"female",3.94,7.32,6.3,11.92,3.86,13.78889663,317
"102","F1","MnPc","NSD","Maternal",3,"female",3.65,9.94,8.25,7.09,3.94,22.58492314,223
"103","F1","MnPc","NSD","Maternal",4,"female",3.87,8.66,8.54,10.82,3.83,25.15077692,434
"104","F1","MnPc","NSD","Maternal",5,"female",3.82,7.47,7.17,12.45,3.79,27.15059922,255
"105","F1","MnPc","NSD","Maternal",6,"female",4.14,12.16,8.97,18.31,3.83,22.54194062,485
"106","F1","MnPc","NSD","Maternal",7,"female",3.84,10.39,8.98,22.66,3.6,26.56255708,206
"107","F1","MnPc","NSD","Maternal",8,"female",3.63,7.92,13.8,9.31,3.73,24.63669797,334
"108","F1","MnPc","NSD","Maternal",9,"female",3.63,8.32,7.33,8.38,3.72,27.39912724,527
"109","F1","MnPc","NSD","Maternal",10,"female",3.54,8.92,12.72,5.72,4.23,19.36237799,377
"110","F1","MnPc","NSD","Maternal",11,"female",3.9,9.5,7.45,19.41,3.84,29.39666088,280
"111","F1","MnPc","NSD","Maternal",12,"female",3.73,8.05,5.36,7.91,3.91,25.82912364,527
"112","F1","MnPc","NSD","Maternal",13,"female",3.89,8.21,12.15,16.66,3.6,14.1169487,403
"113","F1","MnPc","NSD","Maternal",14,"female",3.64,1.38,5.21,0.55,3.81,22.57665309,505
"114","F1","MnPc","NSD","Maternal",15,"female",3.79,6.1,13.24,5.88,3.78,54.16017363,460
"115","F1","MnPc","NSD","Maternal",16,"female",3.83,6,11.68,17.46,3.8,46.33863302,251
"116","F1","MnPc","NSD","Maternal",17,"female",4,7.13,11.9,4.94,3.77,17.21441777,276
"117","F1","MnPc","NSD","Maternal",18,"female",3.91,7.16,14.86,7.33,3.84,25.64946731,597
"118","F1","MnPc","NSD","Maternal",19,"female",3.96,9.16,13.69,9.91,3.61,15.85128106,170
"119","F1","MnPc","NSD","Maternal",20,"female",3.78,6,12.74,7.41,3.66,49.65434437,341
"120","F1","MnPc","NSD","Maternal",21,"female",4.01,8.63,15.31,17,3.87,32.20748901,231
"121","F1","MnPc","NSD","Maternal",22,"female",3.54,3.26,9.3,3.03,3.87,19.62700366,183
"122","F1","MnPc","NSD","Maternal",23,"female",3.63,9.55,14.62,13.65,3.56,36.17835008,411
"123","F1","MnPc","NSD","Maternal",24,"female",3.66,5.33,15.17,19.54,3.45,39.71747906,329
"124","F1","MnPc","NSD","Maternal",25,"female",NA,NA,NA,NA,NA,NA,405
"125","F1","McPn","NSD","Paternal",1,"female",3.64,10.92,7.61,8.62,3.66,19.01553636,386
"126","F1","McPn","NSD","Paternal",2,"female",3.39,4.88,17.22,10.01,3.93,21.30293854,371
"127","F1","McPn","NSD","Paternal",3,"female",3.62,9.68,6.94,8.33,3.73,29.82431159,369
"128","F1","McPn","NSD","Paternal",4,"female",3.61,7.72,4.73,2.48,3.97,21.4287408,262
"129","F1","McPn","NSD","Paternal",5,"female",3.5,9.39,9.33,7.99,3.88,35.94021273,463
"130","F1","McPn","NSD","Paternal",6,"female",3.76,7.42,6.74,10.1,3.35,25.12936797,454
"131","F1","McPn","NSD","Paternal",7,"female",3.72,11,12.1,6.8,3.62,16.88780543,259
"132","F1","McPn","NSD","Paternal",8,"female",3.76,9.66,5.33,5.51,3.89,38.59751155,280
"133","F1","McPn","NSD","Paternal",9,"female",3.73,10.73,9.62,16.7,3.61,20.26208274,620
"134","F1","McPn","NSD","Paternal",10,"female",3.74,10.05,9.83,19.17,3.45,20.97381322,337
"135","F1","McPn","NSD","Paternal",11,"female",3.84,12.91,16.85,25.02,3.44,28.45273805,448
"136","F1","McPn","NSD","Paternal",12,"female",4.02,9.73,7.54,14.17,3.65,32.44999952,244
"137","F1","McPn","NSD","Paternal",13,"female",3.56,4.99,19.18,12.69,3.41,24.92117227,324
"138","F1","McPn","NSD","Paternal",14,"female",3.79,5.09,16.34,23.37,3.72,18.33077774,185
"139","F1","McPn","NSD","Paternal",15,"female",3.68,5.97,7.8,0.92,3.44,18.65566766,338
"140","F1","McPn","NSD","Paternal",16,"female",3.82,9.63,13.72,22.22,3.7,16.10581627,265
"141","F1","McPn","NSD","Paternal",17,"female",3.68,6.52,8.29,12.37,3.96,20.57857372,614
"142","F1","McPn","NSD","Paternal",18,"female",3.26,8.31,7.31,8.18,3.94,19.19560544,524
"143","F1","McPn","NSD","Paternal",19,"female",3.84,6.54,10.9,10.69,3.97,30.2614724,248
"144","F1","McPn","NSD","Paternal",20,"female",3.69,5.49,10.93,10.25,3.72,25.23203272,204
"145","F1","McPn","NSD","Paternal",21,"female",3.82,8.08,14.28,14.08,3.71,28.5023375,315
"146","F1","McPn","NSD","Paternal",22,"female",3.58,6.77,13.43,13.47,3.79,20.82603495,449
"147","F1","McPn","NSD","Paternal",23,"female",3.97,5.23,14.25,16.65,3.51,40.11171945,501
"148","F1","McPn","NSD","Paternal",24,"female",3.85,7,12.53,15.49,3.87,38.43050008,340
"149","F1","McPn","NSD","Paternal",25,"female",NA,NA,NA,NA,NA,NA,468
"150","F1","MnPn","NSD","Both",1,"female",3.62,9.71,12.94,15.6,3.63,30.70875474,656
"151","F1","MnPn","NSD","Both",2,"female",3.77,6.59,7.43,6,3.68,34.52735902,206
"152","F1","MnPn","NSD","Both",3,"female",3.47,7.12,6.85,8.09,3.71,24.67996053,322
"153","F1","MnPn","NSD","Both",4,"female",4.03,11.09,10.16,29.55,3.82,30.77944105,268
"154","F1","MnPn","NSD","Both",5,"female",3.46,8.47,5.76,7.22,3.42,24.06147663,288
"155","F1","MnPn","NSD","Both",6,"female",3.89,8.96,12.04,29.68,3.7,32.94226987,356
"156","F1","MnPn","NSD","Both",7,"female",3.49,9.99,10.14,7.19,3.52,54.48101609,358
"157","F1","MnPn","NSD","Both",8,"female",3.83,10.5,8.37,36.72,3.39,43.83733509,306
"158","F1","MnPn","NSD","Both",9,"female",3.66,9.24,8.67,3.37,3.66,81.24804526,377
"159","F1","MnPn","NSD","Both",10,"female",3.8,10.04,9.39,3.9,3.27,29.56576143,627
"160","F1","MnPn","NSD","Both",11,"female",3.75,11.97,12.96,15.45,3.46,27.54392383,240
"161","F1","MnPn","NSD","Both",12,"female",3.61,10.42,9.64,8.92,3.77,62.62888099,261
"162","F1","MnPn","NSD","Both",13,"female",3.97,11.92,18.32,31.35,3.35,32.31406036,374
"163","F1","MnPn","NSD","Both",14,"female",3.65,6.59,8.39,15.5,3.85,53.24292202,305
"164","F1","MnPn","NSD","Both",15,"female",3.68,7.35,11.28,16.78,3.62,39.2109062,384
"165","F1","MnPn","NSD","Both",16,"female",3.87,9.73,9.4,20.55,3.57,46.41748687,353
"166","F1","MnPn","NSD","Both",17,"female",3.88,9.42,13.74,23.48,3.64,51.35428901,402
"167","F1","MnPn","NSD","Both",18,"female",3.82,8.09,9.53,11.95,3.7,45.31339043,670
"168","F1","MnPn","NSD","Both",19,"female",3.74,11.87,16.61,30.15,3.18,52.50752945,509
"169","F1","MnPn","NSD","Both",20,"female",3.68,9.12,11.13,13.8,3.22,34.07555646,341
"170","F1","MnPn","NSD","Both",21,"female",3.94,8.95,19.04,21.3,3.7,37.65401248,159
"171","F1","MnPn","NSD","Both",22,"female",3.86,11.08,13.27,26.26,3.89,54.07000006,353
"172","F1","MnPn","NSD","Both",23,"female",3.85,10.73,12.35,15.4,3.57,41.2954195,184
"173","F1","MnPn","NSD","Both",24,"female",3.49,10.72,9.71,9.44,2.81,35.84213628,216
"174","F1","MnPn","NSD","Both",25,"female",NA,NA,NA,NA,NA,NA,370
"175","F1","McPc","CD","Both",1,"female",3.45,8.27,4.61,9.76,3.9,36.92227621,355
"176","F1","McPc","CD","Both",2,"female",3.77,11.92,10.17,30.8,3.4,20.44184475,328
"177","F1","McPc","CD","Both",3,"female",3.59,12.35,8.04,21.13,3.63,24.57739059,370
"178","F1","McPc","CD","Both",4,"female",3.61,10.38,9.85,24.81,4.06,39.83819821,481
"179","F1","McPc","CD","Both",5,"female",3.85,7.67,19.03,6.1,3.82,26.01099158,245
"180","F1","McPc","CD","Both",6,"female",3.99,10.18,23.29,24.71,3.39,34.13972026,331
"181","F1","McPc","CD","Both",7,"female",4.07,8.1,7.8,27.56,3.85,23.19415653,198
"182","F1","McPc","CD","Both",8,"female",3.83,12.04,9.37,38.42,4.09,26.62059759,362
"183","F1","McPc","CD","Both",9,"female",3.78,10.81,9.41,16.9,3.69,35.66345186,177
"184","F1","McPc","CD","Both",10,"female",3.4,9.07,7.79,8.69,4.12,34.17990725,232
"185","F1","McPc","CD","Both",11,"female",3.88,10.71,10.8,12.63,3.8,36.16819478,285
"186","F1","McPc","CD","Both",12,"female",3.48,10.21,13.78,19.94,3.84,28.25942807,242
"187","F1","McPc","CD","Both",13,"female",3.67,7.86,10.79,11.04,3.89,30.15817026,124
"188","F1","McPc","CD","Both",14,"female",3.74,5.82,12.44,10.76,3.41,43.48420182,108
"189","F1","McPc","CD","Both",15,"female",3.6,8.65,16.26,21.37,3.54,37.80900645,282
"190","F1","McPc","CD","Both",16,"female",3.55,7.95,14.12,16.12,3.97,39.16019524,758
"191","F1","McPc","CD","Both",17,"female",3.54,5.07,12.23,13.66,3.88,42.05578124,264
"192","F1","McPc","CD","Both",18,"female",3.67,5.58,9.65,12.97,3.58,17.62343983,186
"193","F1","McPc","CD","Both",19,"female",3.62,8.02,15.04,19.77,3.76,68.59770975,368
"194","F1","McPc","CD","Both",20,"female",3.77,5.82,10.1,4.38,3.75,34.0294645,339
"195","F1","McPc","CD","Both",21,"female",3.81,7.71,18.11,35.06,3.7,34.25357034,230
"196","F1","McPc","CD","Both",22,"female",3.51,5.54,10.68,6.17,3.52,32.68272041,496
"197","F1","McPc","CD","Both",23,"female",3.92,6.78,14.69,23.21,3.9,29.77995711,242
"198","F1","McPc","CD","Both",24,"female",3.36,5.1,13.69,5.69,3.62,36.79941539,207
"199","F1","McPc","CD","Both",25,"female",NA,NA,NA,NA,NA,NA,464
"200","F2","MnPc","NSD","Maternal",1,"male",2.77,13.31,21.98,23.59,2.59,51.83992923,NA
"201","F2","MnPc","NSD","Maternal",2,"male",2.68,11.68,16.34,18.145,2.61,26.6618716,NA
"202","F2","MnPc","NSD","Maternal",3,"male",2.67,11.17,25.17,9.145,2.41,37.43005044,NA
"203","F2","MnPc","NSD","Maternal",4,"male",2.54,11.63,33.64,12.58,2.49,19.27698407,NA
"204","F2","MnPc","NSD","Maternal",5,"male",2.48,11.66,17.25,14.875,2.14,63.86887755,NA
"205","F2","MnPc","NSD","Maternal",6,"male",2.7,9.71,14.93,8.29,2.54,43.43424319,NA
"206","F2","MnPc","NSD","Maternal",7,"male",2.65,13.14,21.23,16.89,2.72,48.6237828,NA
"207","F2","MnPc","NSD","Maternal",8,"male",2.57,7.08,21.02,11.755,2.26,39.76379347,NA
"208","F2","MnPc","NSD","Maternal",9,"male",2.67,12.78,24.16,9.65,2.46,53.88556434,NA
"209","F2","MnPc","NSD","Maternal",10,"male",2.44,6.06,9.53,9.085,2.82,27.33128863,NA
"210","F2","MnPc","NSD","Maternal",11,"male",2.48,9.41,10.26,12.81,2.57,55.87229091,NA
"211","F2","MnPc","NSD","Maternal",12,"male",2.66,10.54,19.67,9.81,2.39,43.18406085,NA
"212","F2","MnPc","NSD","Maternal",13,"male",2.34,7.66,11.45,12.695,2.38,29.42610169,NA
"213","F2","MnPc","NSD","Maternal",14,"male",2.58,11.81,19.5,19.855,2.52,97.5766618,NA
"214","F2","MnPc","NSD","Maternal",15,"male",2.69,8.85,15.12,10.45,2.72,28.46950886,NA
"215","F2","MnPc","NSD","Maternal",16,"male",2.5,6.97,15.51,13.82,2.27,45.96899419,NA
"216","F2","MnPc","NSD","Maternal",17,"male",2.44,16.58,14.72,16.93,2.51,53.4330862,NA
"217","F2","MnPc","NSD","Maternal",18,"male",2.62,9.49,18.26,18.615,2.29,23.09671653,NA
"218","F2","MnPc","NSD","Maternal",19,"male",2.31,11.08,12.76,9.625,2.49,40.74861524,NA
"219","F2","MnPc","NSD","Maternal",20,"male",2.64,8.15,14.99,18.285,2.46,44.42003758,NA
"220","F2","MnPc","NSD","Maternal",21,"male",2.44,7.4,16.14,16.96,2.46,25.44363763,NA
"221","F2","MnPc","NSD","Maternal",22,"male",2.54,8.34,15.57,20.185,2.68,45.36362699,NA
"222","F2","MnPc","NSD","Maternal",23,"male",2.91,8.35,15.29,10.95,2.64,37.78299701,NA
"223","F2","MnPc","NSD","Maternal",24,"male",2.63,9.03,13.26,10.74,2.54,25.395803,NA
"224","F2","MnPc","NSD","Maternal",25,"male",NA,NA,NA,NA,NA,NA,NA
"225","F2","McPn","NSD","Paternal",1,"male",2.65,9.52,13.84,21.015,2.39,26.03372416,NA
"226","F2","McPn","NSD","Paternal",2,"male",2.64,11.16,19.04,20.19,2.57,64.64538302,NA
"227","F2","McPn","NSD","Paternal",3,"male",2.42,14.85,14.39,14.46,2.4,53.92105544,NA
"228","F2","McPn","NSD","Paternal",4,"male",2.62,11.19,23.71,27.985,2.58,33.68394543,NA
"229","F2","McPn","NSD","Paternal",5,"male",2.53,12.4,19.38,19.315,2.4,33.64019335,NA
"230","F2","McPn","NSD","Paternal",6,"male",2.53,9.07,15.37,15.725,2.42,40.52525219,NA
"231","F2","McPn","NSD","Paternal",7,"male",2.57,8.11,17.41,17.925,2.45,42.30894679,NA
"232","F2","McPn","NSD","Paternal",8,"male",2.38,8.88,20.44,21.27,2.34,32.76059769,NA
"233","F2","McPn","NSD","Paternal",9,"male",2.43,10.92,15.35,13.155,2.53,41.39044256,NA
"234","F2","McPn","NSD","Paternal",10,"male",2.63,11.3,20.25,22.555,2.73,37.71119347,NA
"235","F2","McPn","NSD","Paternal",11,"male",2.58,9.4,18.8,23.665,2.45,29.79849973,NA
"236","F2","McPn","NSD","Paternal",12,"male",2.34,11.46,10.48,13.61,2.68,36.21180679,NA
"237","F2","McPn","NSD","Paternal",13,"male",2.5,9.44,18.7,17.235,2.24,28.87810364,NA
"238","F2","McPn","NSD","Paternal",14,"male",2.55,7.36,19.64,21.51,2.29,28.09212631,NA
"239","F2","McPn","NSD","Paternal",15,"male",2.57,11.67,19.04,24.56,2.2,22.09861839,NA
"240","F2","McPn","NSD","Paternal",16,"male",2.58,12.76,12.38,15.815,2.48,38.33273517,NA
"241","F2","McPn","NSD","Paternal",17,"male",2.54,13.15,13.96,14.42,2.46,51.18846719,NA
"242","F2","McPn","NSD","Paternal",18,"male",2.38,10.42,20.18,29.835,2.55,43.60020253,NA
"243","F2","McPn","NSD","Paternal",19,"male",2.39,9.24,19.25,23.885,2.62,40.01434272,NA
"244","F2","McPn","NSD","Paternal",20,"male",2.61,12.24,16.64,27.175,2.49,41.23706538,NA
"245","F2","McPn","NSD","Paternal",21,"male",2.35,10.32,15.92,18.765,2.32,32.29347826,NA
"246","F2","McPn","NSD","Paternal",22,"male",2.4,11.17,19.11,25.14,2.32,55.19554819,NA
"247","F2","McPn","NSD","Paternal",23,"male",2.66,10.93,18.94,26.925,2.73,55.36216158,NA
"248","F2","McPn","NSD","Paternal",24,"male",2.7,12.74,19.76,28.165,2.51,86.80568622,NA
"249","F2","McPn","NSD","Paternal",25,"male",NA,NA,NA,NA,NA,NA,NA
"250","F2","MnPn","NSD","Both",1,"male",2.6,5.57,21.19,17.185,2.44,26.18599744,NA
"251","F2","MnPn","NSD","Both",2,"male",2.89,7.31,14.13,8.255,2.64,21.72946099,NA
"252","F2","MnPn","NSD","Both",3,"male",2.6,12.12,20.63,19.98,2.56,63.63721364,NA
"253","F2","MnPn","NSD","Both",4,"male",2.52,8.3,14,17.065,2.57,37.10963491,NA
"254","F2","MnPn","NSD","Both",5,"male",2.52,12.64,35.36,11.44,2.62,80.61143696,NA
"255","F2","MnPn","NSD","Both",6,"male",2.72,9.88,28.51,20.865,2.39,24.18921594,NA
"256","F2","MnPn","NSD","Both",7,"male",2.56,10.69,21.16,14.94,2.19,12.34074651,NA
"257","F2","MnPn","NSD","Both",8,"male",2.62,11.68,28.08,17.315,2.41,23.56244067,NA
"258","F2","MnPn","NSD","Both",9,"male",2.51,8.19,26.7,19.895,2.32,26.45600546,NA
"259","F2","MnPn","NSD","Both",10,"male",2.66,11.96,27.22,17.655,2.29,16.34964478,NA
"260","F2","MnPn","NSD","Both",11,"male",2.77,8.95,27.8,9.96,2.57,22.94706365,NA
"261","F2","MnPn","NSD","Both",12,"male",2.81,11.3,29.14,12.565,2.55,25.84479221,NA
"262","F2","MnPn","NSD","Both",13,"male",2.54,9.27,11.83,17.64,2.48,35.32911808,NA
"263","F2","MnPn","NSD","Both",14,"male",2.61,6.37,11.76,11.71,2.42,45.24060962,NA
"264","F2","MnPn","NSD","Both",15,"male",2.59,7.09,20.32,7.985,2.7,28.03999468,NA
"265","F2","MnPn","NSD","Both",16,"male",2.39,6.37,10.79,11.66,2.66,30.0060409,NA
"266","F2","MnPn","NSD","Both",17,"male",2.53,10.77,16.14,13.255,2.37,19.34325241,NA
"267","F2","MnPn","NSD","Both",18,"male",2.74,11.11,13.45,19.48,2.48,31.77934996,NA
"268","F2","MnPn","NSD","Both",19,"male",2.4,8.48,19.54,19.51,2.43,53.11365417,NA
"269","F2","MnPn","NSD","Both",20,"male",2.5,10.14,12.43,9.82,2.36,40.40545679,NA
"270","F2","MnPn","NSD","Both",21,"male",2.65,9,9.52,5.885,2.67,70.68362015,NA
"271","F2","MnPn","NSD","Both",22,"male",2.39,7.6,12.8,8.635,2.51,38.62456748,NA
"272","F2","MnPn","NSD","Both",23,"male",2.47,9.64,15.35,13.815,2.77,25.98743662,NA
"273","F2","MnPn","NSD","Both",24,"male",2.66,9.13,15.01,13.98,2.51,53.58964894,NA
"274","F2","MnPn","NSD","Both",25,"male",NA,NA,NA,NA,NA,NA,NA
"275","F2","McPc","CD","Both",1,"male",2.45,8.1,11.04,10.535,2.26,20.91780469,NA
"276","F2","McPc","CD","Both",2,"male",2.64,13.54,17.95,29.225,2.77,38.61262767,NA
"277","F2","McPc","CD","Both",3,"male",2.63,12.51,16.99,17.74,2.51,27.20009741,NA
"278","F2","McPc","CD","Both",4,"male",2.52,11.91,14.03,19.135,2.77,31.8341472,NA
"279","F2","McPc","CD","Both",5,"male",2.63,9.87,5.66,10.05,2.79,55.06462132,NA
"280","F2","McPc","CD","Both",6,"male",2.57,9.31,11.12,13.75,2.56,30.37219429,NA
"281","F2","McPc","CD","Both",7,"male",2.49,11.57,10.08,13.755,2.6,41.30229965,NA
"282","F2","McPc","CD","Both",8,"male",2.53,10.74,15.96,11.025,2.55,36.80362777,NA
"283","F2","McPc","CD","Both",9,"male",2.47,10.97,15.54,17.45,2.59,25.35352785,NA
"284","F2","McPc","CD","Both",10,"male",2.29,10.14,14.08,11.265,2.39,33.64636638,NA
"285","F2","McPc","CD","Both",11,"male",2.59,6.51,13.56,18.025,2.92,33.11812555,NA
"286","F2","McPc","CD","Both",12,"male",2.67,12.47,10.78,17.955,2.61,38.19067062,NA
"287","F2","McPc","CD","Both",13,"male",2.46,12.37,16.58,19.195,2.58,30.78733568,NA
"288","F2","McPc","CD","Both",14,"male",2.75,9.47,10.83,12.12,2.62,49.30005214,NA
"289","F2","McPc","CD","Both",15,"male",2.36,14.54,16.1,22.545,2.48,63.51091288,NA
"290","F2","McPc","CD","Both",16,"male",2.45,7.06,7.83,11.23,2.57,37.16331794,NA
"291","F2","McPc","CD","Both",17,"male",2.86,9.88,12.23,15.155,2.44,36.82506128,NA
"292","F2","McPc","CD","Both",18,"male",2.45,8.29,14.6,8.12,2.6,34.93709366,NA
"293","F2","McPc","CD","Both",19,"male",2.48,12.63,15.21,21.585,2.71,33.91908968,NA
"294","F2","McPc","CD","Both",20,"male",2.53,8.41,12.58,14.245,2.51,26.54286902,NA
"295","F2","McPc","CD","Both",21,"male",2.55,11.34,14.05,14.88,2.31,41.09045072,NA
"296","F2","McPc","CD","Both",22,"male",2.61,8.31,17.14,15.98,2.61,52.15159093,NA
"297","F2","McPc","CD","Both",23,"male",2.7,11.71,13.85,13.33,2.63,26.44646112,NA
"298","F2","McPc","CD","Both",24,"male",2.59,9.24,10.26,13.37,2.57,35.52758713,NA
"299","F2","McPc","CD","Both",25,"male",NA,NA,NA,NA,NA,NA,NA
"300","F2","MnPc","NSD","Maternal",1,"female",3.7,8.19,6.18,24.23,3.76,28.4331758,389
"301","F2","MnPc","NSD","Maternal",2,"female",3.81,7.5,15.71,29.58,3.44,29.76484622,319
"302","F2","MnPc","NSD","Maternal",3,"female",3.7,9.34,13.89,16.37,3.35,18.00298262,532
"303","F2","MnPc","NSD","Maternal",4,"female",3.54,9.05,10.78,19.75,3.69,25.04853487,704
"304","F2","MnPc","NSD","Maternal",5,"female",3.86,6.65,8.47,16.46,3.52,22.64745056,412
"305","F2","MnPc","NSD","Maternal",6,"female",3.57,7.46,13.42,28.35,3.51,22.27119127,656
"306","F2","MnPc","NSD","Maternal",7,"female",3.65,8.41,10.38,23.17,4.01,29.93644357,278
"307","F2","MnPc","NSD","Maternal",8,"female",3.47,8.83,10.76,29.5,3.69,18.4382852,220
"308","F2","MnPc","NSD","Maternal",9,"female",3.71,5.34,4.3,5.43,3.53,26.21366124,384
"309","F2","MnPc","NSD","Maternal",10,"female",3.94,6.14,9.35,18.94,3.64,28.81750472,438
"310","F2","MnPc","NSD","Maternal",11,"female",3.74,5.44,14.68,17.11,3.41,33.89003561,269
"311","F2","MnPc","NSD","Maternal",12,"female",3.88,9.7,5.81,10.01,4,42.7081743,465
"312","F2","MnPc","NSD","Maternal",13,"female",3.77,10.99,8.23,26.83,3.46,33.85416959,450
"313","F2","MnPc","NSD","Maternal",14,"female",3.9,9.8,10.09,41.69,3.63,38.9008655,323
"314","F2","MnPc","NSD","Maternal",15,"female",3.76,11.73,12.49,36.69,3.44,32.92506831,477
"315","F2","MnPc","NSD","Maternal",16,"female",3.75,8.3,11.25,24.2,3.62,22.81476892,528
"316","F2","MnPc","NSD","Maternal",17,"female",4.15,9.07,10.05,23.46,3.34,31.09833084,720
"317","F2","MnPc","NSD","Maternal",18,"female",3.91,7.13,12.43,26.53,3.55,24.86881297,417
"318","F2","MnPc","NSD","Maternal",19,"female",3.77,8.39,10.27,25.28,3.69,20.92777563,498
"319","F2","MnPc","NSD","Maternal",20,"female",3.92,6.87,14.17,29.38,3.66,39.42508269,450
"320","F2","MnPc","NSD","Maternal",21,"female",3.63,7.93,7.92,27.44,3.58,29.75287579,566
"321","F2","MnPc","NSD","Maternal",22,"female",3.62,7,10.5,24.91,3.58,23.70713694,155
"322","F2","MnPc","NSD","Maternal",23,"female",3.59,10.3,10.36,26.13,3.73,34.64578502,573
"323","F2","MnPc","NSD","Maternal",24,"female",3.38,9.74,11.51,19.18,3.34,31.87990976,575
"324","F2","MnPc","NSD","Maternal",25,"female",NA,NA,NA,NA,NA,NA,515
"325","F2","McPn","NSD","Paternal",1,"female",3.39,7.64,8.87,17.54,3.36,28.05007944,267
"326","F2","McPn","NSD","Paternal",2,"female",3.83,6.82,11.46,16.75,3.37,14.53838306,781
"327","F2","McPn","NSD","Paternal",3,"female",3.83,8.69,10.05,22.25,3.24,26.01777394,375
"328","F2","McPn","NSD","Paternal",4,"female",3.9,8.8,11.38,23.79,3.62,27.15662576,292
"329","F2","McPn","NSD","Paternal",5,"female",3.56,7.28,7.14,8.59,3.49,28.25505848,282
"330","F2","McPn","NSD","Paternal",6,"female",3.7,5.79,9.59,9.06,3.57,32.1115068,479
"331","F2","McPn","NSD","Paternal",7,"female",3.69,5.46,5.04,9.39,3.01,27.45984454,352
"332","F2","McPn","NSD","Paternal",8,"female",3.62,9.42,5.12,15.84,3.53,31.62101934,636
"333","F2","McPn","NSD","Paternal",9,"female",3.92,8.28,10.28,16.1,3.53,26.38201458,328
"334","F2","McPn","NSD","Paternal",10,"female",3.98,6.03,9.89,9.49,3.49,26.87050255,498
"335","F2","McPn","NSD","Paternal",11,"female",3.94,7.55,13.87,12.94,3.63,27.21594602,245
"336","F2","McPn","NSD","Paternal",12,"female",4.04,7.44,11.15,11.55,3.27,28.4083466,702
"337","F2","McPn","NSD","Paternal",13,"female",3.52,7.59,10.48,31.65,3.6,25.09936564,425
"338","F2","McPn","NSD","Paternal",14,"female",3.91,7.34,10.88,19.89,3.25,15.94655094,434
"339","F2","McPn","NSD","Paternal",15,"female",3.91,9.03,10.92,22.47,3.8,34.65885992,277
"340","F2","McPn","NSD","Paternal",16,"female",3.75,5.25,12.54,28.4,3.33,22.76428244,237
"341","F2","McPn","NSD","Paternal",17,"female",4.14,9.31,10.83,19.21,3.9,29.68279705,488
"342","F2","McPn","NSD","Paternal",18,"female",4.09,8.91,13.86,25.98,3.39,16.34596261,528
"343","F2","McPn","NSD","Paternal",19,"female",3.71,7.56,9.19,26.37,3.11,28.30911467,310
"344","F2","McPn","NSD","Paternal",20,"female",3.84,5.65,7.51,23.87,3.64,23.73292183,205
"345","F2","McPn","NSD","Paternal",21,"female",3.95,10.61,9.27,31.11,3.58,24.56709532,630
"346","F2","McPn","NSD","Paternal",22,"female",4.02,7.46,13.23,25.15,3.84,27.13656175,117
"347","F2","McPn","NSD","Paternal",23,"female",3.67,10.11,11.74,25.45,3.61,21.56129266,486
"348","F2","McPn","NSD","Paternal",24,"female",3.92,7.51,9.73,17.63,3.6,33.13850192,283
"349","F2","McPn","NSD","Paternal",25,"female",NA,NA,NA,NA,NA,NA,215
"350","F2","MnPn","NSD","Both",1,"female",3.73,6.76,8.4,8.35,3.1,23.87498797,605
"351","F2","MnPn","NSD","Both",2,"female",3.89,7.63,9.82,20.9,3.63,23.54480406,609
"352","F2","MnPn","NSD","Both",3,"female",3.73,5.58,15.83,17.8,3.56,32.15204223,160
"353","F2","MnPn","NSD","Both",4,"female",3.67,6.18,20.68,17.33,3.46,24.55695498,526
"354","F2","MnPn","NSD","Both",5,"female",3.99,9.29,15.93,24.58,3.35,21.91083375,397
"355","F2","MnPn","NSD","Both",6,"female",3.79,6.98,9.42,8.84,3.49,16.67951147,616
"356","F2","MnPn","NSD","Both",7,"female",3.67,8.16,9.23,17.73,3.76,27.47886524,327
"357","F2","MnPn","NSD","Both",8,"female",3.59,6.53,10.44,14.65,3.56,39.10383514,430
"358","F2","MnPn","NSD","Both",9,"female",3.46,8.25,11.58,19.3,3.35,18.68737039,236
"359","F2","MnPn","NSD","Both",10,"female",3.82,7.72,11.31,21.82,3.65,26.32483775,205
"360","F2","MnPn","NSD","Both",11,"female",3.58,8.27,11.41,12,3.43,15.490961,401
"361","F2","MnPn","NSD","Both",12,"female",3.93,8.47,10.83,23.49,3.16,24.19785401,358
"362","F2","MnPn","NSD","Both",13,"female",3.68,7.69,12.03,29.06,3.61,25.41832293,452
"363","F2","MnPn","NSD","Both",14,"female",3.74,7.4,11.68,30.62,3.75,28.3235382,374
"364","F2","MnPn","NSD","Both",15,"female",3.77,8.65,9.91,24.96,3.52,27.27263672,363
"365","F2","MnPn","NSD","Both",16,"female",3.43,5.86,9.93,27.89,3.54,24.16621869,521
"366","F2","MnPn","NSD","Both",17,"female",3.68,9.92,12.12,27.94,3.49,26.71612363,725
"367","F2","MnPn","NSD","Both",18,"female",4.06,8.54,11.56,25.92,3.47,25.69294686,305
"368","F2","MnPn","NSD","Both",19,"female",3.5,9.7,14.74,28.92,3.46,27.18841207,652
"369","F2","MnPn","NSD","Both",20,"female",3.73,7.89,10.92,29.24,3.35,22.31703887,316
"370","F2","MnPn","NSD","Both",21,"female",3.76,8.6,6.84,15.12,3.58,20.38832459,292
"371","F2","MnPn","NSD","Both",22,"female",3.44,7.08,10.6,20.15,3.61,21.27922534,650
"372","F2","MnPn","NSD","Both",23,"female",3.62,11.43,12.22,31.04,3.73,12.67186874,276
"373","F2","MnPn","NSD","Both",24,"female",3.74,8.72,10.94,26.45,3.49,19.68080929,229
"374","F2","MnPn","NSD","Both",25,"female",NA,NA,NA,NA,NA,NA,445
"375","F2","McPc","CD","Both",1,"female",4.02,7.27,10.43,18.18,3.37,18.99841852,532
"376","F2","McPc","CD","Both",2,"female",3.79,7.3,13.71,10.16,3.65,19.08040824,513
"377","F2","McPc","CD","Both",3,"female",3.85,8.06,14.39,17.97,3.59,22.10726693,618
"378","F2","McPc","CD","Both",4,"female",3.55,7.57,12.13,12.66,3.65,20.21544138,493
"379","F2","McPc","CD","Both",5,"female",3.73,8.55,16.43,21.32,3.68,22.62570606,137
"380","F2","McPc","CD","Both",6,"female",3.72,7.33,14.96,23.2,3.64,20.81376437,461
"381","F2","McPc","CD","Both",7,"female",3.83,8.92,11.05,23.45,3.67,20.31027976,417
"382","F2","McPc","CD","Both",8,"female",3.59,6.53,9.98,14.57,3.67,27.32769685,459
"383","F2","McPc","CD","Both",9,"female",3.76,6.53,13.88,12.2,3.43,31.58709437,222
"384","F2","McPc","CD","Both",10,"female",3.73,6.55,12.2,17.87,3.37,24.43752505,299
"385","F2","McPc","CD","Both",11,"female",3.65,6.2,10.38,15.32,3.85,28.17063815,392
"386","F2","McPc","CD","Both",12,"female",3.35,8.2,6.38,25.85,3.41,26.72415097,686
"387","F2","McPc","CD","Both",13,"female",3.33,7.06,10.04,17.1,3.68,24.48412435,146
"388","F2","McPc","CD","Both",14,"female",3.88,8.68,12.52,20.84,3.7,31.02166097,589
"389","F2","McPc","CD","Both",15,"female",3.85,5.57,8.7,15.4,3.42,24.73746956,245
"390","F2","McPc","CD","Both",16,"female",3.09,6.82,10.31,23.91,3.56,23.57703499,452
"391","F2","McPc","CD","Both",17,"female",3.73,4.83,9.23,13.88,3.45,23.14591047,355
"392","F2","McPc","CD","Both",18,"female",3.79,6.77,9.25,15.13,3.72,30.45768582,289
"393","F2","McPc","CD","Both",19,"female",3.84,9.82,11.63,21.66,3.43,35.13833062,900
"394","F2","McPc","CD","Both",20,"female",3.85,4.84,10.45,12.16,3.57,26.66059648,334
"395","F2","McPc","CD","Both",21,"female",3.05,7.65,12.49,19.9,3.39,15.94248165,502
"396","F2","McPc","CD","Both",22,"female",3.83,4.37,12.29,15.68,3.88,24.98941844,449
"397","F2","McPc","CD","Both",23,"female",3.43,6.99,8.77,24.51,3.38,21.62208712,218
"398","F2","McPc","CD","Both",24,"female",3.72,4.94,9.95,12.98,3.55,26.70939858,188
"399","F2","McPc","CD","Both",25,"female",NA,NA,NA,NA,NA,NA,319
"400","F3","MnPc","NSD","Maternal",1,"male",2.55,14.33,4.7,17.56,2.28,16.77679139,NA
"401","F3","MnPc","NSD","Maternal",2,"male",2.18,11.16,8.68,20.24,2.77,15.5317997,NA
"402","F3","MnPc","NSD","Maternal",3,"male",2.52,10.12,9.97,18.86,2.98,29.81811255,NA
"403","F3","MnPc","NSD","Maternal",4,"male",2.64,7.87,8.09,20.88,2.69,25.11262087,NA
"404","F3","MnPc","NSD","Maternal",5,"male",2.61,8.46,10.43,16.99,2.64,24.8301101,NA
"405","F3","MnPc","NSD","Maternal",6,"male",2.54,7,10.55,16.79,2.89,35.04172904,NA
"406","F3","MnPc","NSD","Maternal",7,"male",2.62,7.28,8.65,16.31,2.1,28.90535483,NA
"407","F3","MnPc","NSD","Maternal",8,"male",2.45,5.67,8.05,13.04,2.5,21.20018533,NA
"408","F3","MnPc","NSD","Maternal",9,"male",2.67,6.79,12.3,17.21,2.45,24.3928026,NA
"409","F3","MnPc","NSD","Maternal",10,"male",2.34,5.41,10.33,12.83,2.54,20.4873231,NA
"410","F3","MnPc","NSD","Maternal",11,"male",2.42,7.56,11.11,16.25,2.61,31.57042083,NA
"411","F3","MnPc","NSD","Maternal",12,"male",2.37,5.78,11.15,7.21,2.57,23.17223118,NA
"412","F3","MnPc","NSD","Maternal",13,"male",2.79,6.29,20.55,17.14,2.65,26.2409037,NA
"413","F3","MnPc","NSD","Maternal",14,"male",2.74,7.19,17.15,17.5,2.36,21.10928839,NA
"414","F3","MnPc","NSD","Maternal",15,"male",2.42,7.65,27.76,12.73,2.59,23.65292267,NA
"415","F3","MnPc","NSD","Maternal",16,"male",2.14,6.89,19.62,14.05,2.94,23.65634358,NA
"416","F3","MnPc","NSD","Maternal",17,"male",2.42,7.11,16.16,14.01,2.63,28.66075753,NA
"417","F3","MnPc","NSD","Maternal",18,"male",2.34,6.31,14.32,13.69,2.5,28.52079074,NA
"418","F3","MnPc","NSD","Maternal",19,"male",2.46,7.56,17.31,11.61,2.53,28.30520436,NA
"419","F3","MnPc","NSD","Maternal",20,"male",2.55,6.27,17.52,10.31,2.27,25.45243421,NA
"420","F3","MnPc","NSD","Maternal",21,"male",2.56,7.46,20.07,18.27,2.43,27.55775487,NA
"421","F3","MnPc","NSD","Maternal",22,"male",2.42,6.95,17.21,11.88,2.42,23.81178935,NA
"422","F3","MnPc","NSD","Maternal",23,"male",2.51,7.73,20.66,17.54,2.42,26.84401092,NA
"423","F3","MnPc","NSD","Maternal",24,"male",2.73,8.15,17.69,18.82,2.52,20.52743254,NA
"424","F3","MnPc","NSD","Maternal",25,"male",2.31,6.04,12.8,4.46,2.13,20.31981748,NA
"425","F3","MnPc","NSD","Maternal",26,"male",2.59,6.69,17.76,18,2.53,26.30204395,NA
"426","F3","MnPc","NSD","Maternal",27,"male",2.55,8.23,11.25,11.32,2.8,28.98268373,NA
"427","F3","MnPc","NSD","Maternal",28,"male",2.44,7.04,14.47,14.98,2.32,12.18271273,NA
"428","F3","MnPc","NSD","Maternal",29,"male",2.58,8.46,11.78,12.32,2.44,19.12832976,NA
"429","F3","MnPc","NSD","Maternal",30,"male",2.75,8.62,12.81,15.21,2.82,17.59726195,NA
"430","F3","McPn","NSD","Paternal",1,"male",2.33,6.83,12.29,22.85,2.38,18.28318727,NA
"431","F3","McPn","NSD","Paternal",2,"male",2.46,6.95,6.33,13.71,2.45,29.32438696,NA
"432","F3","McPn","NSD","Paternal",3,"male",2.55,6.97,9.75,12.72,2.57,26.6512232,NA
"433","F3","McPn","NSD","Paternal",4,"male",2.45,5.95,10.36,13.56,2.75,21.59641778,NA
"434","F3","McPn","NSD","Paternal",5,"male",2.52,7.91,9.8,16.19,2.48,20.78243714,NA
"435","F3","McPn","NSD","Paternal",6,"male",2.66,7.83,10.37,9.41,2.49,23.32415077,NA
"436","F3","McPn","NSD","Paternal",7,"male",2.7,4.18,11.19,5.17,2.38,26.87012161,NA
"437","F3","McPn","NSD","Paternal",8,"male",2.64,5.22,8.29,18.92,2.63,8.390775027,NA
"438","F3","McPn","NSD","Paternal",9,"male",2.54,8.19,10.82,27.32,2.42,21.82750632,NA
"439","F3","McPn","NSD","Paternal",10,"male",2.44,7.39,6.49,10.18,2.62,23.98467983,NA
"440","F3","McPn","NSD","Paternal",11,"male",2.95,7.61,8.66,24.74,2.71,23.58595191,NA
"441","F3","McPn","NSD","Paternal",12,"male",2.68,5.87,14.68,22.34,2.51,19.13260962,NA
"442","F3","McPn","NSD","Paternal",13,"male",2.51,7.68,23.69,26.64,2.59,13.54221501,NA
"443","F3","McPn","NSD","Paternal",14,"male",2.52,7.29,16.43,13.7,2.7,12.37151932,NA
"444","F3","McPn","NSD","Paternal",15,"male",2.39,9.3,25.53,18.72,3,44.22793601,NA
"445","F3","McPn","NSD","Paternal",16,"male",2.55,6.49,15.81,15.47,2.36,33.83567758,NA
"446","F3","McPn","NSD","Paternal",17,"male",2.63,7.61,20.19,10.34,2.32,18.93210535,NA
"447","F3","McPn","NSD","Paternal",18,"male",2.82,8.67,17.12,11.33,2.39,32.39639583,NA
"448","F3","McPn","NSD","Paternal",19,"male",2.62,6.16,19.03,10.86,2.73,19.37257426,NA
"449","F3","McPn","NSD","Paternal",20,"male",2.54,6.42,16.6,14.81,2.33,13.06153648,NA
"450","F3","McPn","NSD","Paternal",21,"male",2.71,8,19.64,12.37,2.55,20.0891053,NA
"451","F3","McPn","NSD","Paternal",22,"male",2.47,6.32,16.19,15.25,2.65,30.47846193,NA
"452","F3","McPn","NSD","Paternal",23,"male",2.38,8.81,17.26,17.99,2.53,28.91970413,NA
"453","F3","McPn","NSD","Paternal",24,"male",2.53,7.88,16.97,13.99,2.59,31.25081506,NA
"454","F3","McPn","NSD","Paternal",25,"male",2.52,4.76,11.23,11.18,2.46,25.67710298,NA
"455","F3","McPn","NSD","Paternal",26,"male",2.65,8.5,13.9,11.88,2.53,23.01012811,NA
"456","F3","McPn","NSD","Paternal",27,"male",2.35,9.52,7.07,9.96,2.35,45.18172156,NA
"457","F3","McPn","NSD","Paternal",28,"male",2.55,5.41,16.32,12.13,2.48,40.50370973,NA
"458","F3","McPn","NSD","Paternal",29,"male",2.45,5.68,12.33,8.12,2.62,24.09930576,NA
"459","F3","McPn","NSD","Paternal",30,"male",2.36,5.77,10.1,5.86,2.66,44.1744144,NA
"460","F3","MnPn","NSD","Both",1,"male",2.55,12.83,6.88,1.68,2.51,20.5131405,NA
"461","F3","MnPn","NSD","Both",2,"male",2.74,6.9,10.42,9.78,2.52,34.83971391,NA
"462","F3","MnPn","NSD","Both",3,"male",2.66,8.3,9.41,13.73,2.48,25.32813948,NA
"463","F3","MnPn","NSD","Both",4,"male",2.6,5.41,15.11,9.7,2.47,17.69049575,NA
"464","F3","MnPn","NSD","Both",5,"male",2.48,7.1,10.67,12.27,2.43,18.12007828,NA
"465","F3","MnPn","NSD","Both",6,"male",2.52,5.36,8.49,16.62,2.57,18.98343959,NA
"466","F3","MnPn","NSD","Both",7,"male",2.55,7.89,10.37,15.76,2.42,28.97806145,NA
"467","F3","MnPn","NSD","Both",8,"male",2.37,5.82,7.67,12.65,2.4,29.75906488,NA
"468","F3","MnPn","NSD","Both",9,"male",2.64,6.46,11.79,14.73,2.58,25.78755832,NA
"469","F3","MnPn","NSD","Both",10,"male",2.72,5.46,9.3,6.63,2.32,27.68092579,NA
"470","F3","MnPn","NSD","Both",11,"male",2.34,7.36,8.92,13.7,2.51,33.54913245,NA
"471","F3","MnPn","NSD","Both",12,"male",2.6,7.48,10.54,14.72,2.66,19.41728597,NA
"472","F3","MnPn","NSD","Both",13,"male",2.75,6.95,19.91,21.64,2.93,35.09014317,NA
"473","F3","MnPn","NSD","Both",14,"male",2.54,7.98,17.88,11.61,2.58,30.22924985,NA
"474","F3","MnPn","NSD","Both",15,"male",2.51,8.09,23.22,9.91,2.58,15.65753032,NA
"475","F3","MnPn","NSD","Both",16,"male",2.74,5.76,17.14,14.07,2.16,26.12396398,NA
"476","F3","MnPn","NSD","Both",17,"male",2.33,8.2,19.29,7.75,2.47,21.26157561,NA
"477","F3","MnPn","NSD","Both",18,"male",2.61,7.74,16.09,10.36,2.61,33.46030106,NA
"478","F3","MnPn","NSD","Both",19,"male",2.42,7.44,19.64,16.06,2.51,37.88906892,NA
"479","F3","MnPn","NSD","Both",20,"male",2.63,7.18,22.25,17.24,2.34,87.23852439,NA
"480","F3","MnPn","NSD","Both",21,"male",2.56,7.38,22.92,19.9,2.33,11.22248637,NA
"481","F3","MnPn","NSD","Both",22,"male",2.5,6.78,33.74,25.83,2.38,24.73660431,NA
"482","F3","MnPn","NSD","Both",23,"male",2.74,8.26,20.11,21.47,2.28,10.90479409,NA
"483","F3","MnPn","NSD","Both",24,"male",2.51,7.1,14.95,16.32,2.45,14.53084052,NA
"484","F3","MnPn","NSD","Both",25,"male",2.35,6.01,9.38,6.1,2.55,17.58376873,NA
"485","F3","MnPn","NSD","Both",26,"male",2.63,6.09,15.62,17.89,2.45,11.77942653,NA
"486","F3","MnPn","NSD","Both",27,"male",2.47,7.88,9.8,8.78,2.49,14.92478229,NA
"487","F3","MnPn","NSD","Both",28,"male",2.55,7.76,10.23,7.15,2.42,20.63562544,NA
"488","F3","MnPn","NSD","Both",29,"male",2.4,7.97,11.94,13.02,2.51,21.56580026,NA
"489","F3","MnPn","NSD","Both",30,"male",2.51,7.44,13.27,12.67,2.53,16.08546324,NA
"490","F3","McPc","CD","Both",1,"male",2.13,6.71,15.77,9.08,2.57,30.50461377,NA
"491","F3","McPc","CD","Both",2,"male",2.45,6.24,12.23,16.22,2.68,28.89314689,NA
"492","F3","McPc","CD","Both",3,"male",2.46,5.68,13.21,13.72,2.43,16.62830378,NA
"493","F3","McPc","CD","Both",4,"male",2.53,5.13,11.52,22.08,2.89,25.78687884,NA
"494","F3","McPc","CD","Both",5,"male",2.55,5.54,12.28,18.4,2.47,22.38792259,NA
"495","F3","McPc","CD","Both",6,"male",2.44,6.24,10.2,24.39,2.54,34.81228732,NA
"496","F3","McPc","CD","Both",7,"male",2.51,6.73,11.15,12.34,2.62,30.84557537,NA
"497","F3","McPc","CD","Both",8,"male",2.5,5.49,11.36,14.68,2.5,37.11495974,NA
"498","F3","McPc","CD","Both",9,"male",2.43,7.22,8.9,16.77,2.59,33.67076561,NA
"499","F3","McPc","CD","Both",10,"male",2.49,7.6,13.4,15.06,2.53,29.49617523,NA
"500","F3","McPc","CD","Both",11,"male",2.56,6.5,14.34,14.9,2.56,17.18381353,NA
"501","F3","McPc","CD","Both",12,"male",2.33,7.49,22.87,11.99,2.78,25.2060346,NA
"502","F3","McPc","CD","Both",13,"male",2.25,7.58,13.84,8.42,2.62,25.81959382,NA
"503","F3","McPc","CD","Both",14,"male",2.71,7.79,13.04,9.94,2.49,18.92423953,NA
"504","F3","McPc","CD","Both",15,"male",2.59,8.04,31.28,15.62,2.57,16.09182112,NA
"505","F3","McPc","CD","Both",16,"male",2.42,7.58,14.99,15.67,2.54,29.386311,NA
"506","F3","McPc","CD","Both",17,"male",2.65,7.75,17.66,23.01,2.65,20.70730417,NA
"507","F3","McPc","CD","Both",18,"male",2.59,6.63,15.28,26.76,2.64,30.41562783,NA
"508","F3","McPc","CD","Both",19,"male",2.57,7.75,12.98,13.66,2.57,20.37141158,NA
"509","F3","McPc","CD","Both",20,"male",2.38,7.29,9.28,18.43,2.5,14.78383143,NA
"510","F3","McPc","CD","Both",21,"male",2.4,6.82,14.47,10.66,2.57,19.84783202,NA
"511","F3","McPc","CD","Both",22,"male",2.41,7.19,11.65,13.82,2.48,31.33181323,NA
"512","F3","McPc","CD","Both",23,"male",2.35,6.36,9.08,11.26,2.43,18.81480216,NA
"513","F3","McPc","CD","Both",24,"male",2.52,7.48,16.98,10.22,2.59,12.25849501,NA
"514","F3","McPc","CD","Both",25,"male",2.51,8.2,15.77,8.75,2.39,16.28100588,NA
"515","F3","McPc","CD","Both",26,"male",2.6,7.14,12.23,4.76,2.8,24.47606414,NA
"516","F3","McPc","CD","Both",27,"male",2.46,5.4,13.21,17.49,2.46,18.0380475,NA
"517","F3","McPc","CD","Both",28,"male",2.44,6.51,11.52,16.35,2.31,6.663331712,NA
"518","F3","McPc","CD","Both",29,"male",2.58,7.45,12.28,9.53,2.58,24.45463337,NA
"519","F3","McPc","CD","Both",30,"male",2.68,9.66,10.2,19.33,2.51,13.99946143,NA
"520","F3","MnPc","NSD","Maternal",1,"female",4.02,10.58,19.95,38.42,3.56,43.86518584,426
"521","F3","MnPc","NSD","Maternal",2,"female",3.51,11.68,17.06,38.42,3.66,40.00601285,235
"522","F3","MnPc","NSD","Maternal",3,"female",3.83,11.57,14.63,25.99,3.77,60.32869777,243
"523","F3","MnPc","NSD","Maternal",4,"female",3.63,10.88,12.29,20.35,3.77,54.51778799,445
"524","F3","MnPc","NSD","Maternal",5,"female",3.73,12.94,17.61,22.56,3.6,39.89998516,281
"525","F3","MnPc","NSD","Maternal",6,"female",3.93,13.04,15.13,33.25,3.63,37.67077273,235
"526","F3","MnPc","NSD","Maternal",7,"female",4.2,13.9,14.81,30.2,3.58,42.78642427,597
"527","F3","MnPc","NSD","Maternal",8,"female",3.38,8.7,14.57,21.82,3.56,38.34433123,106
"528","F3","MnPc","NSD","Maternal",9,"female",3.3,9.95,18.94,26.98,3.43,18.97581492,353
"529","F3","MnPc","NSD","Maternal",10,"female",3.91,12.05,16.9,32.09,3.68,28.53543448,235
"530","F3","MnPc","NSD","Maternal",11,"female",3.3,14.87,17.94,24.09,3.67,18.9088526,174
"531","F3","MnPc","NSD","Maternal",12,"female",3.67,12.29,14.02,20.57,3.48,13.49319212,571
"532","F3","MnPc","NSD","Maternal",13,"female",3.65,8.64,14.18,24.74,3.69,35.73803639,300
"533","F3","MnPc","NSD","Maternal",14,"female",4.15,9.14,12.19,20.62,3.68,38.47070041,207
"534","F3","MnPc","NSD","Maternal",15,"female",3.89,12.67,14.92,28.14,3.69,24.79382763,325
"535","F3","MnPc","NSD","Maternal",16,"female",4.17,11.93,15.16,38.1,3.66,22.4872024,341
"536","F3","MnPc","NSD","Maternal",17,"female",3.7,10.71,9.67,24.3,3.82,31.62290472,268
"537","F3","MnPc","NSD","Maternal",18,"female",3.83,10.14,12.29,21.35,3.34,22.18460042,280
"538","F3","MnPc","NSD","Maternal",19,"female",3.7,11.87,13.13,23.61,3.46,26.29082305,165
"539","F3","MnPc","NSD","Maternal",20,"female",4.01,10,9.76,23.7,3.47,22.35957476,212
"540","F3","MnPc","NSD","Maternal",21,"female",3.44,7.84,7.6,16.92,3.64,37.05796522,521
"541","F3","MnPc","NSD","Maternal",22,"female",3.65,8.39,12.71,26.85,3.45,23.04332462,237
"542","F3","MnPc","NSD","Maternal",23,"female",3.95,11.49,14.65,25.72,3.68,30.15994262,172
"543","F3","MnPc","NSD","Maternal",24,"female",3.45,9.92,15.01,26.72,3.47,18.9464903,334
"544","F3","MnPc","NSD","Maternal",25,"female",3.83,10.38,20,17.69,3.55,19.51886465,222
"545","F3","MnPc","NSD","Maternal",26,"female",3.57,10.64,17.41,31.16,3.86,31.07778872,NA
"546","F3","MnPc","NSD","Maternal",27,"female",3.55,10.38,11.85,24.79,3.77,20.53639171,NA
"547","F3","MnPc","NSD","Maternal",28,"female",3.61,12.72,19.34,31.95,3.52,32.14329203,NA
"548","F3","MnPc","NSD","Maternal",29,"female",3.81,10.55,22.41,21.75,3.72,17.66428987,NA
"549","F3","MnPc","NSD","Maternal",30,"female",3.76,11.15,14.34,18.42,3.79,40.64085438,NA
"550","F3","McPn","NSD","Paternal",1,"female",3.73,12.13,16.9,33.9,3.79,52.96881186,256
"551","F3","McPn","NSD","Paternal",2,"female",3.75,10.03,14.63,47.48,3.74,38.48532835,517
"552","F3","McPn","NSD","Paternal",3,"female",3.54,11.05,14.72,29.84,3.81,50.19413139,289
"553","F3","McPn","NSD","Paternal",4,"female",3.74,12.18,17.64,33.92,3.71,31.91053588,252
"554","F3","McPn","NSD","Paternal",5,"female",3.58,9.98,14.14,18.61,3.52,29.56720138,206
"555","F3","McPn","NSD","Paternal",6,"female",3.55,13.81,28,29.14,3.41,28.15996903,194
"556","F3","McPn","NSD","Paternal",7,"female",4.07,14.11,26.64,36.43,3.65,38.38479541,414
"557","F3","McPn","NSD","Paternal",8,"female",3.88,10.38,14.27,34.45,3.64,42.54375295,442
"558","F3","McPn","NSD","Paternal",9,"female",3.81,14.3,14.47,20.08,3.72,50.4123258,250
"559","F3","McPn","NSD","Paternal",10,"female",3.78,11.47,20.25,22.09,3.53,52.08203595,379
"560","F3","McPn","NSD","Paternal",11,"female",4.06,13.54,20.49,31.29,3.3,36.29850363,278
"561","F3","McPn","NSD","Paternal",12,"female",3.78,10,10.14,26.27,3.67,46.64475129,403
"562","F3","McPn","NSD","Paternal",13,"female",3.97,8.61,16.36,23.63,4.06,39.82549538,271
"563","F3","McPn","NSD","Paternal",14,"female",4.27,8.73,18.94,42.55,3.65,38.63275201,348
"564","F3","McPn","NSD","Paternal",15,"female",3.83,10.78,13.62,34.52,3.6,37.97560192,182
"565","F3","McPn","NSD","Paternal",16,"female",3.84,8.03,11.25,20.08,3.35,40.62276958,737
"566","F3","McPn","NSD","Paternal",17,"female",3.75,11.57,13.23,25.97,3.02,31.96600594,321
"567","F3","McPn","NSD","Paternal",18,"female",4.23,9.29,10.45,14.39,3.38,26.50308679,250
"568","F3","McPn","NSD","Paternal",19,"female",3.48,9.57,14.54,24.83,3.79,49.95350215,375
"569","F3","McPn","NSD","Paternal",20,"female",3.94,10.54,19.49,44.98,3.67,43.44106833,110
"570","F3","McPn","NSD","Paternal",21,"female",3.67,8.92,8.24,21.56,3.51,37.24861225,285
"571","F3","McPn","NSD","Paternal",22,"female",3.79,9.88,13.99,20.4,3.55,27.92786837,222
"572","F3","McPn","NSD","Paternal",23,"female",3.69,11.17,17.68,34,3.25,21.2955516,206
"573","F3","McPn","NSD","Paternal",24,"female",3.76,8.05,14.87,28.98,3.69,41.72722888,518
"574","F3","McPn","NSD","Paternal",25,"female",3.96,7.57,23.95,14.4,3.07,12.65965164,250
"575","F3","McPn","NSD","Paternal",26,"female",3.46,9.19,25.17,17.92,3.54,19.00990252,NA
"576","F3","McPn","NSD","Paternal",27,"female",3.82,7.72,21.38,15.97,3.37,26.33012795,NA
"577","F3","McPn","NSD","Paternal",28,"female",3.54,8.05,12.91,15.8,3.4,15.46328918,NA
"578","F3","McPn","NSD","Paternal",29,"female",3.69,7.56,18.3,15.17,3.63,35.46892896,NA
"579","F3","McPn","NSD","Paternal",30,"female",3.44,9.33,16.8,15.52,3.17,50.73132361,NA
"580","F3","MnPn","NSD","Both",1,"female",3.84,8.92,12.37,22.08,3.58,6.885796022,127
"581","F3","MnPn","NSD","Both",2,"female",3.83,7.93,12.5,15.36,3.6,14.57866277,302
"582","F3","MnPn","NSD","Both",3,"female",3.66,11.2,15.62,32.86,3.76,37.37992809,410
"583","F3","MnPn","NSD","Both",4,"female",3.56,8.86,16.81,26.18,3.42,33.26075472,195
"584","F3","MnPn","NSD","Both",5,"female",3.84,13.65,25.71,19.47,3.57,15.72553919,391
"585","F3","MnPn","NSD","Both",6,"female",3.83,12.78,40.96,28.11,4.27,14.75625458,268
"586","F3","MnPn","NSD","Both",7,"female",3.79,13.59,17.47,36.01,3.75,32.81929416,308
"587","F3","MnPn","NSD","Both",8,"female",3.87,11.51,14.27,19.61,3.02,15.05440506,172
"588","F3","MnPn","NSD","Both",9,"female",3.99,13.25,17.75,30,3.28,37.60465754,199
"589","F3","MnPn","NSD","Both",10,"female",3.69,8.59,13.49,11.69,3.36,22.11518548,606
"590","F3","MnPn","NSD","Both",11,"female",3.53,9.19,7.11,12.23,3.51,30.46546991,434
"591","F3","MnPn","NSD","Both",12,"female",3.61,12.87,14.08,31.29,3.52,37.99939232,237
"592","F3","MnPn","NSD","Both",13,"female",3.59,10.61,15.14,22.75,3.4,37.55006077,206
"593","F3","MnPn","NSD","Both",14,"female",3.7,9.85,16.62,19.56,3.67,47.01224852,197
"594","F3","MnPn","NSD","Both",15,"female",3.69,6.42,7.42,12.87,3.5,58.26898774,187
"595","F3","MnPn","NSD","Both",16,"female",3.71,10.69,22.09,35.59,3.59,49.10737735,222
"596","F3","MnPn","NSD","Both",17,"female",3.66,11.15,20,27.49,3.58,45.30853738,758
"597","F3","MnPn","NSD","Both",18,"female",3.34,7.94,11.71,5.28,3.75,45.38755576,270
"598","F3","MnPn","NSD","Both",19,"female",3.36,10.18,19.29,28.06,3.67,37.97661367,418
"599","F3","MnPn","NSD","Both",20,"female",3.87,10.76,22.09,38.46,3.7,36.8196845,220
"600","F3","MnPn","NSD","Both",21,"female",3.63,8.86,13.67,14.59,3.66,46.47453399,284
"601","F3","MnPn","NSD","Both",22,"female",3.7,8.41,14.94,21.11,3.45,55.8411886,210
"602","F3","MnPn","NSD","Both",23,"female",3.65,11.07,17.06,23.13,3.73,44.50395277,295
"603","F3","MnPn","NSD","Both",24,"female",3.91,9.85,14.68,28.5,3.51,56.35789301,183
"604","F3","MnPn","NSD","Both",25,"female",3.54,6.91,14.71,7.91,3.71,56.05602615,256
"605","F3","MnPn","NSD","Both",26,"female",3.35,9.37,18.85,13.8,3.64,17.50304531,NA
"606","F3","MnPn","NSD","Both",27,"female",3.14,9.3,17.93,23.27,3.5,31.75835461,NA
"607","F3","MnPn","NSD","Both",28,"female",3.51,8.5,16.2,5.81,3.74,20.35500573,NA
"608","F3","MnPn","NSD","Both",29,"female",3.67,7.14,9.81,11.33,3.71,28.26791376,NA
"609","F3","MnPn","NSD","Both",30,"female",3.61,10.33,18.52,8.31,3.43,15.24459335,NA
"610","F3","McPc","CD","Both",1,"female",3.72,10.55,13.68,23.14,3.34,32.41773611,484
"611","F3","McPc","CD","Both",2,"female",2.88,7.45,20.3,16.07,3.68,40.59876273,234
"612","F3","McPc","CD","Both",3,"female",4.24,9.79,15.56,19.17,3.37,41.65997212,203
"613","F3","McPc","CD","Both",4,"female",3.71,10.62,19.51,16.05,3.83,32.45093224,246
"614","F3","McPc","CD","Both",5,"female",3.46,11.78,19.77,28.15,3.67,40.59097497,293
"615","F3","McPc","CD","Both",6,"female",3.87,14.03,17.6,40.29,3.51,33.51455605,239
"616","F3","McPc","CD","Both",7,"female",3.33,14.5,29.93,42.4,3.67,30.17900157,288
"617","F3","McPc","CD","Both",8,"female",3.5,11.37,17.37,22.04,3.95,59.66306967,381
"618","F3","McPc","CD","Both",9,"female",2.7,11.52,17.21,24.06,3.84,34.37280518,404
"619","F3","McPc","CD","Both",10,"female",4,10.68,20.29,25.18,3.75,32.47043515,196
"620","F3","McPc","CD","Both",11,"female",3.69,11.4,11.95,26.77,3.72,28.48715646,211
"621","F3","McPc","CD","Both",12,"female",3.83,11.46,12.48,19.19,3.49,24.79924152,171
"622","F3","McPc","CD","Both",13,"female",3.82,11.89,11.65,28.41,3.59,30.58234369,193
"623","F3","McPc","CD","Both",14,"female",3.99,13.12,19.43,42.25,3.8,29.98305711,225
"624","F3","McPc","CD","Both",15,"female",3.6,9.86,14.8,20.73,3.76,37.48760637,350
"625","F3","McPc","CD","Both",16,"female",3.68,10.63,15.66,31.19,3.38,30.57021456,652
"626","F3","McPc","CD","Both",17,"female",3.66,10.75,18.31,38.79,3.66,39.27501756,402
"627","F3","McPc","CD","Both",18,"female",3.65,9.41,19.13,10.47,3.68,41.1570401,371
"628","F3","McPc","CD","Both",19,"female",3.72,13.48,16.77,32.26,3.53,32.06504167,454
"629","F3","McPc","CD","Both",20,"female",3.95,8.38,9.05,17.11,3.82,42.0212369,237
"630","F3","McPc","CD","Both",21,"female",3.82,13.35,13.18,40.34,4.1,51.78471618,438
"631","F3","McPc","CD","Both",22,"female",3.68,10.52,18.55,43.77,3.51,43.63153879,462
"632","F3","McPc","CD","Both",23,"female",3.68,10.04,12.05,29.26,3.46,43.85295173,330
"633","F3","McPc","CD","Both",24,"female",3.77,12.6,12.41,52.97,3.22,23.53602285,385
"634","F3","McPc","CD","Both",25,"female",3.76,10.55,18.73,24.35,3.49,32.63865573,328
"635","F3","McPc","CD","Both",26,"female",3.72,8.68,15.78,21.08,3.93,42.62151904,NA
"636","F3","McPc","CD","Both",27,"female",3.84,10.26,20.1,32.12,3.64,32.86397753,NA
"637","F3","McPc","CD","Both",28,"female",3.86,8.67,17.48,16.32,4.04,39.04071841,NA
"638","F3","McPc","CD","Both",29,"female",3.43,8.48,13.73,11.13,3.63,26.88733127,NA
"639","F3","McPc","CD","Both",30,"female",3.48,9.28,14.89,16.8,3.1,36.32356226,NA
